,name,Blood Glucose,Hemoglobin A1c,Glycated Albumin,Total Cholesterol,LDL Cholesterol,HDL Cholesterol,Triglycerides,Apolipoprotein A1,Apolipoprotein B,Vitamin D,Vitamin C,Vitamin K,Vitamin B6 (Pyridoxine),Vitamin B1 (Thiamine),Vitamin B2 (Riboflavin),Vitamin B3 (Niacin),Vitamin B5 (Pantothenic Acid),Vitamin B7 (Biotin),Vitamin B9 (Folate),Vitamin B12 (Cobalamin),Vitamin A,Creatinine,Uric Acid,Blood Urea Nitrogen,Cystatin C,Sodium,Potassium,Calcium,Magnesium,Phosphate,Chloride,Bicarbonate,Iron,Globulin,Albumin,Total Protein,Albumin/Globulin Ratio,C-Reactive Protein,Haptoglobin,Transferrin,C-Peptide,Testosterone,Estrogen,Progesterone,Cortisol,Aldosterone,Thyroid-Stimulating Hormone (TSH),Free Thyroxine (Free T4),Free Triiodothyronine (Free T3),Aspartate Aminotransferase,Alanine Aminotransferase,Alkaline Phosphatase,Gamma-Glutamyl Transferase,Bilirubin,Lactate Dehydrogenase,Prothrombin Time,Partial Thromboplastin Time,Fibrinogen
0,strawberry,-1,-1,-1,-1,-1,1,-1,1,-1,0,1,1,0,0,0,0,1,1,1,0,0,-1,-1,-1,-1,-1,0,0,0,0,0,0,0,0,0,0,0,-1,0,0,0,-1,0,0,-1,0,0,0,0,0,0,0,0,0,0,0,0,0
1,blueberry,-1,-1,-1,-1,-1,1,-1,1,-1,0,1,1,0,0,0,0,0,0,0,0,0,-1,-1,-1,-1,-1,0,0,0,0,0,0,0,1,0,1,0,1,0,0,0,-1,0,0,-1,0,0,0,0,-1,-1,-1,-1,-1,-1,-1,-1,-1
2,raspberry,-1,-1,-1,-1,-1,1,-1,1,-1,0,1,1,0,0,0,0,0,0,0,0,0,0,0,0,0,0,0,0,0,0,0,0,0,0,0,0,0,0,0,0,0,0,0,0,0,0,0,0,0,0,0,0,0,0,0,0,0,0
3,orange,-1,-1,-1,-1,-1,1,-1,1,-1,0,1,0,0,1,0,0,1,0,1,0,0,0,-1,-1,0,-1,1,1,1,0,0,1,0,1,1,1,1,-1,0,1,0,0,-1,0,1,0,0,1,0,1,0,0,1,1,0,1,0,1
4,lime,-1,-1,-1,-1,-1,1,-1,1,-1,0,1,0,0,0,0,0,0,0,0,0,0,0,-1,0,0,0,0,0,0,0,0,0,0,0,0,0,0,0,0,0,0,0,-1,0,0,0,0,0,0,0,0,0,0,0,0,0,0,0
5,mandarin,0,0,0,0,0,0,0,0,0,0,1,0,0,1,0,0,0,0,1,0,0,0,-1,0,0,0,0,1,0,0,0,0,0,0,0,0,0,0,0,0,0,0,0,0,0,0,0,0,0,0,0,0,0,0,0,0,0,0
6,banana,1,1,1,1,1,-1,1,-1,1,0,0,0,1,0,1,1,1,1,1,0,0,0,0,0,0,0,1,0,1,0,0,0,0,-1,-1,-1,-1,0,-1,-1,-1,1,0,0,1,0,1,0,0,1,0,0,0,0,0,1,0,0
7,mango,1,1,1,1,1,-1,1,-1,1,0,1,1,1,1,1,1,1,0,1,0,1,0,0,0,0,0,0,0,0,0,0,0,0,-1,0,0,-1,0,-1,0,0,0,0,-1,0,0,0,0,-1,0,1,1,0,0,1,0,1,0
8,pineapple,1,1,1,1,1,-1,1,-1,1,0,1,0,1,1,0,1,1,0,0,0,0,0,0,0,0,0,1,0,1,1,0,0,0,1,-1,1,-1,1,-1,-1,-1,0,0,-1,0,0,0,-1,0,0,1,1,0,0,1,0,0,0
9,guava,0,0,0,0,0,0,0,0,0,0,0,0,1,1,1,1,1,1,1,0,0,0,0,0,0,0,1,1,1,1,0,1,1,1,1,1,1,1,1,1,1,1,0,0,0,1,-1,1,0,-1,-1,-1,-1,-1,-1,-1,-1,-1
10,kiwi,0,0,0,0,0,0,0,0,0,0,1,1,0,0,0,0,0,0,1,0,0,0,-1,-1,-1,-1,1,1,1,0,0,0,1,1,1,1,1,-1,1,1,1,1,0,0,1,0,-1,0,1,0,0,0,0,-1,0,0,0,-1
11,peach,0,0,0,0,0,0,0,0,0,0,1,1,0,0,0,1,1,0,1,0,0,0,-1,0,0,0,1,0,0,0,0,0,1,0,1,0,1,0,1,0,1,0,1,1,0,0,0,0,1,0,0,0,1,1,0,0,1,1
12,plum,0,0,0,0,0,0,0,0,0,0,1,1,1,0,0,1,1,0,1,0,0,0,-1,0,0,0,0,0,0,0,0,0,0,-1,1,-1,-1,0,-1,-1,-1,0,1,0,0,0,0,-1,0,0,0,0,0,0,0,0,0,0
13,apricot,0,0,0,0,0,0,0,0,0,0,0,0,0,0,1,0,0,0,0,0,1,0,0,0,0,0,0,0,0,0,0,0,1,0,0,0,0,0,0,0,0,0,1,0,0,0,0,0,-1,0,0,0,0,0,0,0,0,0
14,cherry,0,0,0,0,0,0,0,0,0,0,1,0,0,0,0,0,0,0,0,0,0,0,1,0,0,0,0,0,0,0,0,0,0,0,0,0,0,-1,1,0,0,0,0,1,0,0,0,0,0,0,0,0,0,0,0,0,0,0
15,watermelon,0,0,0,0,0,0,0,0,0,0,0,0,1,1,0,0,1,0,0,0,1,-1,0,-1,0,-1,0,0,0,0,0,0,0,0,-1,-1,0,0,0,0,-1,0,0,0,0,-1,0,0,0,0,0,0,0,0,0,0,0,0
16,muskmelon,0,0,0,0,0,0,0,0,0,0,0,0,0,0,0,0,0,0,0,0,1,0,0,0,0,0,1,0,0,0,0,0,0,-1,-1,-1,0,0,0,-1,0,0,0,0,0,-1,0,0,0,0,0,0,0,0,0,0,0,0
17,apple,-1,-1,-1,-1,-1,1,-1,1,-1,0,0,0,0,0,0,0,0,0,0,0,0,-1,-1,-1,-1,-1,0,0,0,0,0,0,0,1,1,1,1,0,0,1,1,0,0,0,0,1,1,0,0,-1,0,-1,-1,0,-1,0,-1,0
18,pear,-1,-1,-1,-1,-1,1,-1,1,-1,0,0,0,0,0,0,0,0,0,0,0,0,-1,-1,0,-1,-1,0,0,0,0,0,0,0,0,0,0,0,0,0,1,1,0,0,0,-1,0,0,0,0,0,-1,0,0,0,0,-1,0,0
19,spinach,-1,-1,-1,-1,-1,0,-1,1,-1,0,1,1,1,1,1,1,1,1,1,0,1,1,1,1,1,0,1,1,1,1,1,1,1,1,1,1,1,1,1,1,1,1,1,1,1,1,1,1,1,1,1,1,1,1,1,1,1,1
20,kale,-1,-1,-1,-1,-1,0,-1,1,-1,0,1,1,1,1,1,1,1,1,1,0,1,1,0,1,1,0,1,1,1,1,1,1,1,1,1,1,1,1,1,1,1,1,1,1,1,1,1,1,1,1,1,1,1,1,1,1,1,1
21,lettuce,-1,-1,-1,-1,-1,0,-1,1,-1,0,1,1,1,1,1,0,0,0,1,0,1,-1,-1,-1,-1,-1,-1,-1,-1,-1,-1,-1,-1,-1,-1,-1,-1,-1,-1,-1,-1,-1,-1,-1,-1,-1,-1,-1,-1,0,0,0,0,0,0,0,0,0
22,broccoli,-1,-1,-1,-1,-1,0,-1,1,-1,0,1,1,1,1,1,1,1,1,1,0,1,1,0,1,1,0,0,1,1,1,0,1,1,1,1,1,1,0,1,1,1,1,1,0,1,1,1,1,1,1,1,1,1,1,1,1,1,1
23,cauliflower,-1,-1,-1,-1,-1,0,-1,1,-1,0,1,1,1,1,1,1,1,1,1,0,0,1,1,1,1,0,0,0,0,0,0,0,0,1,1,1,1,0,1,0,0,0,0,0,0,0,0,0,0,1,1,1,1,1,1,1,1,1
24,cabbage,-1,-1,-1,0,0,0,-1,1,-1,0,1,1,1,1,1,0,1,0,1,0,0,-1,-1,-1,-1,-1,0,-1,0,0,0,0,0,-1,-1,-1,-1,-1,-1,0,0,0,0,0,0,0,0,0,0,0,0,0,0,0,0,0,0,0
25,green_peas,1,1,1,0,0,0,-1,1,-1,0,1,1,1,1,1,1,1,0,1,0,0,0,0,0,0,0,0,1,1,0,0,0,1,1,1,1,1,0,1,0,1,0,0,0,0,0,0,0,0,1,1,1,1,1,1,1,1,1
26,lentils,1,1,1,0,0,0,-1,1,-1,0,0,0,1,1,1,1,1,0,1,0,0,1,1,1,1,0,0,0,0,1,0,0,1,1,1,1,1,0,1,1,0,0,0,0,0,0,0,0,0,1,1,1,1,1,1,1,1,1
27,chickpeas,1,1,1,0,0,0,-1,1,-1,0,0,0,1,1,1,1,1,0,1,0,0,1,1,1,1,0,0,0,0,1,0,0,1,1,1,1,1,0,1,1,0,0,0,0,0,0,0,0,0,1,1,1,1,1,1,1,1,1
28,kidney_beans,1,1,1,0,0,0,-1,1,-1,0,0,0,1,1,1,1,1,0,1,0,0,1,1,1,1,0,0,0,0,1,0,0,0,1,1,1,1,0,1,1,0,0,0,0,0,0,0,0,0,1,1,1,1,1,1,1,1,1
29,carrot,1,1,1,0,0,0,-1,1,-1,0,1,1,1,1,1,0,0,1,1,0,1,0,0,0,0,0,0,0,0,0,0,0,0,0,0,0,0,0,0,0,0,0,0,1,0,0,0,0,0,0,0,0,0,0,0,0,0,0
30,sweet_potato,1,1,1,0,0,0,1,1,-1,0,1,0,1,1,1,1,1,1,0,0,1,1,0,1,0,0,1,1,1,1,0,1,0,0,0,0,0,0,0,0,1,0,1,1,1,1,1,1,1,-1,-1,-1,-1,-1,-1,-1,-1,-1
31,beet,1,1,1,0,0,0,-1,1,-1,0,1,1,1,1,1,0,0,0,1,0,0,1,1,1,1,0,1,0,0,1,0,0,1,0,0,0,0,1,0,1,0,0,0,0,0,1,0,0,0,1,1,1,1,1,1,1,1,1
32,radish,0,0,0,0,0,0,-1,1,-1,0,1,0,1,1,1,0,0,0,0,0,0,0,0,0,0,0,-1,0,0,0,0,0,0,0,0,0,0,1,0,0,0,0,0,0,0,0,0,0,0,1,1,1,1,1,1,1,1,1
33,potato,1,1,1,0,0,0,1,1,0,0,1,0,1,1,1,1,1,0,0,0,0,0,0,0,0,0,1,0,0,0,0,0,0,0,0,0,0,0,0,0,0,0,0,0,0,0,0,0,0,0,0,0,0,0,0,0,0,0
34,yam,1,1,1,0,0,0,1,1,0,0,1,0,1,1,1,0,0,0,0,0,0,0,0,0,0,0,0,0,0,0,0,0,0,0,0,0,0,0,0,0,0,0,0,0,0,0,0,0,0,0,0,0,0,0,0,0,0,0
35,cassava,1,1,1,0,0,0,1,1,0,0,0,0,0,0,0,0,0,0,0,0,0,0,0,0,0,0,0,0,0,0,0,0,0,0,0,0,0,0,0,0,0,0,0,0,0,0,0,0,0,0,0,0,0,0,0,0,0,0
36,butternut_squash,1,1,1,0,0,0,-1,1,-1,0,1,1,1,1,1,1,1,0,0,0,1,0,0,0,0,0,1,1,1,0,0,1,0,0,0,0,0,0,0,0,0,0,1,1,0,0,1,1,0,0,0,0,0,0,0,0,0,0
37,zucchini,-1,-1,-1,0,0,0,-1,1,-1,0,1,1,1,1,1,0,0,0,0,0,0,-1,-1,-1,-1,-1,1,-1,-1,-1,-1,-1,-1,-1,-1,-1,-1,-1,-1,-1,-1,0,-1,-1,-1,0,-1,-1,-1,-1,-1,-1,-1,-1,-1,-1,-1,-1
38,pumpkin,-1,-1,-1,0,0,0,-1,1,-1,0,1,1,1,1,1,1,0,0,0,0,1,-1,-1,-1,-1,-1,1,-1,-1,-1,-1,0,-1,-1,-1,-1,-1,-1,-1,0,0,0,0,0,0,0,0,0,0,-1,-1,-1,-1,-1,-1,-1,-1,-1
39,cucumber,-1,-1,-1,0,0,0,-1,1,-1,0,1,1,1,0,0,0,0,0,0,0,0,-1,-1,-1,-1,-1,-1,-1,-1,-1,-1,-1,-1,-1,-1,-1,-1,-1,-1,-1,-1,-1,-1,-1,-1,-1,-1,-1,-1,-1,-1,-1,-1,-1,-1,-1,-1,-1
40,tomato,-1,-1,-1,-1,-1,1,-1,1,-1,0,1,1,1,1,1,0,0,1,1,0,1,-1,-1,-1,-1,-1,1,0,0,0,1,0,0,0,0,0,0,1,0,0,0,0,0,0,0,0,0,0,0,-1,-1,-1,-1,-1,-1,-1,-1,-1
41,bell_pepper,-1,-1,-1,0,0,0,-1,1,-1,0,1,1,1,1,1,1,0,0,1,0,1,-1,-1,-1,-1,-1,-1,-1,-1,-1,-1,-1,-1,-1,-1,-1,-1,1,-1,-1,-1,-1,-1,-1,-1,-1,-1,-1,-1,-1,-1,-1,-1,-1,-1,-1,-1,-1
42,eggplant,-1,-1,-1,-1,-1,0,-1,1,-1,0,1,1,1,1,1,0,0,0,0,0,0,0,0,0,0,0,0,0,0,0,0,0,0,0,0,0,0,0,0,0,0,0,0,0,0,0,0,0,0,0,0,0,0,0,0,0,0,0
43,garlic,-1,-1,-1,-1,-1,1,-1,1,-1,0,1,1,1,1,1,0,0,0,0,0,0,0,0,0,0,0,0,0,0,0,0,0,0,0,0,0,0,0,0,0,0,1,0,0,1,0,0,0,1,1,1,1,1,1,1,1,1,1
44,onion,-1,-1,-1,-1,-1,1,-1,1,-1,0,1,1,1,1,1,0,0,0,0,0,0,0,0,0,0,0,0,0,0,0,0,0,0,0,0,0,0,0,0,0,0,0,0,0,0,0,0,0,0,1,1,1,1,1,1,1,1,1
45,chives,-1,-1,-1,0,0,0,-1,1,-1,0,1,1,1,1,1,0,0,0,0,0,0,0,0,0,0,0,0,0,0,0,0,0,0,0,0,0,0,0,0,0,0,0,0,0,0,0,0,0,0,0,0,0,0,0,0,0,0,0
46,celery,-1,-1,-1,-1,-1,0,-1,1,-1,0,1,1,1,1,1,0,0,0,0,0,0,-1,-1,-1,-1,-1,-1,-1,0,-1,1,-1,0,-1,-1,-1,-1,-1,-1,-1,0,-1,0,0,-1,-1,0,0,0,-1,-1,-1,-1,-1,-1,-1,-1,-1
47,asparagus,-1,-1,-1,-1,-1,0,-1,1,-1,0,1,1,1,1,1,1,0,0,1,0,1,-1,1,-1,-1,-1,0,0,0,0,0,0,0,0,0,0,0,0,0,0,0,0,0,0,0,0,0,0,0,0,0,0,0,0,0,0,0,0
48,fennel,-1,-1,-1,0,0,0,-1,1,-1,0,1,1,1,1,1,0,0,0,0,0,0,0,0,0,0,0,0,0,0,0,0,0,0,0,0,0,0,0,0,0,0,0,0,0,0,0,0,0,0,0,0,0,0,0,0,0,0,0
49,basil,-1,-1,-1,-1,-1,0,-1,1,-1,0,1,1,1,1,1,0,0,0,0,0,0,0,0,0,0,0,0,0,0,0,0,0,0,0,0,0,0,0,0,0,0,0,0,0,0,0,0,0,0,0,0,0,0,0,0,0,0,0
50,cilantro,-1,-1,-1,-1,-1,0,-1,1,-1,0,1,1,1,1,1,0,0,0,0,0,1,0,0,0,0,0,0,0,0,0,0,0,0,0,0,0,0,0,0,0,0,0,0,0,0,0,0,0,0,0,0,0,0,0,0,0,0,0
51,Parsley,-1,-1,-1,-1,-1,0,-1,1,-1,0,1,1,1,1,1,0,0,0,0,0,1,0,0,0,0,0,0,0,0,0,0,0,0,0,0,0,0,-1,0,0,0,0,0,0,0,0,0,0,0,-1,-1,-1,-1,-1,-1,-1,-1,-1
52,mint,-1,-1,-1,-1,-1,0,-1,1,-1,0,1,1,1,1,1,0,0,0,0,0,0,0,0,0,0,0,0,0,0,0,0,0,0,0,0,0,0,-1,0,0,0,0,0,0,0,0,0,0,0,-1,-1,-1,-1,-1,-1,-1,-1,-1
53,thyme,-1,-1,-1,0,0,0,-1,1,-1,0,1,1,1,1,1,0,0,0,0,0,0,0,0,0,0,0,0,0,0,0,0,0,0,0,0,0,0,0,0,0,0,0,0,0,0,0,0,0,0,0,0,0,0,0,0,0,0,0
54,rosemary,-1,-1,-1,0,0,0,-1,1,-1,0,1,1,1,1,1,0,0,0,0,0,0,0,0,0,0,0,0,0,0,0,0,0,0,0,0,0,0,0,0,0,0,0,0,0,0,0,0,0,0,0,0,0,0,0,0,0,0,0
55,oregano,-1,-1,-1,0,0,0,-1,1,-1,0,1,1,1,1,1,0,0,0,0,0,0,0,0,0,0,0,0,0,0,0,0,0,0,0,0,0,0,0,0,0,0,0,0,0,0,0,0,0,0,0,0,0,0,0,0,0,0,0
56,ginger,-1,-1,-1,-1,-1,0,-1,1,-1,0,1,0,1,1,1,0,0,0,0,0,0,0,0,0,0,0,0,0,0,0,0,0,0,0,0,0,0,0,0,0,0,1,0,0,0,0,0,0,0,-1,-1,-1,-1,-1,-1,-1,-1,-1
57,turmeric,-1,-1,-1,-1,-1,0,-1,1,-1,0,1,0,1,1,1,0,0,0,0,0,0,0,0,0,0,0,0,0,0,0,0,0,0,0,0,0,0,0,0,0,0,0,0,0,0,0,0,0,0,-1,-1,-1,-1,-1,-1,-1,-1,-1
58,horseradish,-1,-1,-1,0,0,0,-1,1,-1,0,1,0,0,0,0,0,0,0,0,0,0,0,0,0,0,0,0,0,0,0,0,0,0,0,0,0,0,0,0,0,0,0,0,0,0,0,0,0,0,0,0,0,0,0,0,0,0,0
59,button_mushroom,-1,-1,-1,0,0,0,-1,1,-1,1,0,0,1,1,1,0,0,0,0,0,0,0,0,0,0,0,0,0,0,0,0,0,0,0,0,0,0,0,0,0,0,0,0,0,0,0,0,0,0,0,0,0,0,0,0,0,0,0
60,shiitake_mushroom,-1,-1,-1,0,0,0,-1,1,-1,1,0,0,1,1,1,0,0,0,0,0,0,0,0,0,0,0,0,0,0,0,0,0,0,0,0,0,0,0,0,0,0,0,0,0,0,0,0,0,0,0,0,0,0,0,0,0,0,0
61,portobello_mushroom,-1,-1,-1,0,0,0,-1,1,-1,1,0,0,1,1,1,0,0,0,0,0,0,0,0,0,0,0,0,0,0,0,0,0,0,0,0,0,0,0,0,0,0,0,0,0,0,0,0,0,0,0,0,0,0,0,0,0,0,0
62,oyster_mushroom,-1,-1,-1,0,0,0,-1,1,-1,1,0,0,1,1,1,0,0,0,0,0,0,0,0,0,0,0,0,0,0,0,0,0,0,0,0,0,0,0,0,0,0,0,0,0,0,0,0,0,0,0,0,0,0,0,0,0,0,0
63,alfalfa_sprouts,-1,-1,-1,0,0,0,-1,1,-1,0,1,1,1,1,1,0,0,0,0,0,0,0,0,0,0,0,0,0,0,0,0,0,0,0,0,0,0,0,0,0,0,0,0,0,0,0,0,0,0,0,0,0,0,0,0,0,0,0
64,bean_sprouts,-1,-1,-1,0,0,0,-1,1,-1,0,1,1,1,1,1,0,0,0,0,0,0,0,0,0,0,0,0,0,0,0,0,0,0,0,0,0,0,0,0,0,0,0,0,0,0,0,0,0,0,0,0,0,0,0,0,0,0,0
65,broccoli_sprouts,-1,-1,-1,0,0,0,-1,1,-1,0,1,1,1,1,1,0,0,0,0,0,0,0,0,0,0,0,0,0,0,0,0,0,0,0,0,0,0,0,0,0,0,0,0,0,0,0,0,0,0,0,0,0,0,0,0,0,0,0
66,almond,-1,-1,-1,-1,-1,1,-1,1,-1,1,1,1,1,1,1,1,1,1,1,0,1,1,1,1,0,0,1,1,1,1,0,1,0,-1,-1,1,-1,-1,-1,-1,-1,-1,-1,-1,-1,-1,-1,-1,-1,-1,-1,-1,-1,-1,-1,-1,-1,-1
67,cashew,-1,-1,-1,1,1,1,-1,1,-1,0,0,1,1,1,1,1,1,0,1,0,0,1,1,1,0,0,1,0,1,1,0,0,0,-1,-1,1,-1,-1,-1,-1,-1,-1,-1,-1,-1,-1,-1,-1,-1,-1,-1,-1,-1,-1,-1,-1,-1,-1
68,chestnut,-1,0,0,-1,-1,0,-1,0,-1,1,1,0,0,0,0,0,0,0,0,0,0,0,1,0,0,0,0,0,0,0,0,0,0,-1,-1,0,-1,0,0,-1,-1,-1,-1,-1,0,0,0,-1,-1,-1,-1,-1,-1,-1,-1,-1,-1,-1
69,hazelnut,-1,-1,-1,-1,-1,1,-1,1,-1,1,0,1,1,1,1,1,1,0,1,0,0,1,1,1,0,0,0,0,1,1,0,0,0,-1,-1,0,-1,0,0,-1,-1,-1,-1,-1,0,0,0,-1,-1,-1,-1,-1,-1,-1,-1,-1,-1,-1
70,pistachio,-1,-1,-1,1,1,1,-1,1,-1,1,1,1,1,1,1,1,1,0,1,0,1,1,1,1,1,0,1,0,1,1,0,0,0,-1,-1,1,-1,0,0,1,1,1,-1,-1,0,0,0,-1,-1,-1,-1,-1,-1,-1,-1,-1,-1,-1
71,walnut,-1,-1,-1,-1,-1,1,-1,1,-1,1,0,1,1,1,1,1,1,1,1,0,0,1,1,1,1,0,1,0,1,1,0,0,0,-1,-1,1,-1,-1,-1,-1,-1,-1,-1,-1,-1,-1,-1,-1,-1,-1,-1,-1,-1,-1,-1,-1,-1,-1
72,pine_nut,-1,-1,-1,1,1,1,-1,1,-1,0,0,1,1,1,1,1,1,0,1,0,0,1,1,1,0,0,0,0,0,0,0,0,0,-1,0,0,0,0,0,-1,-1,-1,-1,-1,0,0,0,0,0,-1,-1,-1,-1,-1,-1,-1,-1,-1
73,sunflower_seed,-1,-1,-1,-1,-1,1,-1,1,-1,1,1,1,1,1,1,1,1,1,1,0,1,1,1,1,0,1,0,0,0,0,1,0,1,1,1,1,1,0,0,1,1,1,0,0,0,0,0,1,1,-1,-1,-1,-1,-1,-1,-1,-1,-1
74,pumpkin_seed,-1,-1,-1,-1,-1,1,-1,1,-1,1,1,1,1,1,1,1,1,1,1,0,1,1,0,0,0,1,1,0,1,1,0,0,1,1,1,1,1,-1,-1,1,1,1,0,0,-1,-1,-1,1,1,-1,-1,-1,-1,-1,-1,-1,-1,-1
75,chia_seed,-1,-1,-1,-1,-1,1,-1,1,-1,0,0,0,0,1,0,0,0,0,1,0,0,-1,-1,-1,-1,-1,-1,-1,1,-1,-1,-1,-1,1,1,1,1,-1,-1,1,1,1,1,1,-1,-1,-1,1,1,-1,-1,-1,-1,-1,-1,-1,-1,-1
76,flax_seed,-1,-1,-1,-1,-1,1,-1,1,-1,0,0,0,1,1,1,0,1,0,1,0,0,-1,-1,-1,-1,-1,-1,0,1,-1,-1,-1,-1,1,1,1,1,-1,-1,1,1,0,1,1,-1,-1,-1,1,1,-1,-1,-1,-1,-1,-1,-1,-1,-1
77,sesame_seed,-1,-1,-1,-1,-1,1,-1,1,-1,0,0,1,1,1,1,1,1,1,1,0,1,-1,-1,-1,0,0,0,1,0,0,0,0,1,1,1,1,1,-1,-1,0,0,0,1,1,-1,-1,-1,1,1,-1,-1,-1,-1,-1,-1,-1,-1,-1
78,wheat,1,1,1,0,0,-1,1,-1,1,0,0,0,1,1,1,1,1,1,1,0,0,0,0,0,0,0,0,0,0,0,0,0,0,0,0,0,0,0,0,0,0,0,0,0,0,0,0,0,0,-1,-1,-1,-1,-1,-1,-1,-1,-1
79,rice,1,1,1,0,0,-1,1,-1,1,0,0,0,1,1,1,1,1,1,1,0,0,0,0,0,0,0,0,0,0,0,0,0,0,0,0,-1,0,0,0,0,0,0,0,0,0,0,0,0,0,0,0,1,0,0,0,1,0,0
80,corn,1,1,1,0,0,-1,1,-1,1,0,0,0,1,1,1,1,1,1,1,0,0,0,0,0,0,0,0,0,0,0,0,0,0,0,0,-1,0,1,1,0,0,0,0,0,1,1,1,0,0,1,1,1,1,1,1,1,1,1
81,barley,1,1,1,-1,-1,0,-1,0,-1,0,0,0,1,1,1,1,1,1,1,0,0,0,0,0,0,0,0,0,0,0,0,0,0,0,0,-1,0,1,1,0,0,0,0,0,1,1,1,0,0,1,1,1,1,1,1,1,1,1
82,oats,1,1,1,-1,-1,0,-1,0,-1,0,0,0,1,1,1,1,1,1,1,0,0,0,0,0,0,0,0,0,0,0,0,0,0,0,0,-1,0,0,0,0,0,0,0,0,0,0,0,0,0,-1,-1,-1,-1,-1,-1,-1,-1,-1
83,millet,1,1,1,0,0,-1,1,-1,1,0,0,0,1,1,1,1,1,1,1,0,0,0,0,0,0,0,0,0,0,0,0,0,0,0,0,-1,0,0,0,0,0,0,0,0,0,0,0,0,0,0,0,0,0,0,0,0,0,0
84,salmon,-1,-1,-1,-1,-1,1,-1,1,-1,1,0,1,1,0,1,1,1,1,1,1,1,-1,-1,-1,-1,-1,1,1,1,1,0,0,0,1,1,1,1,-1,1,1,1,1,1,1,1,1,1,1,1,-1,-1,-1,-1,-1,-1,-1,-1,-1
85,mackerel,-1,-1,-1,-1,-1,1,-1,1,-1,1,0,0,0,1,1,1,0,0,0,1,1,-1,-1,-1,-1,-1,1,1,1,1,0,0,0,1,1,1,1,-1,1,1,1,1,1,1,1,1,1,1,1,1,1,0,1,1,1,0,1,0
86,sardine,-1,-1,-1,-1,-1,1,-1,1,-1,1,0,0,0,0,0,1,0,0,0,1,0,-1,-1,-1,-1,-1,1,1,1,1,0,0,1,1,1,1,1,-1,1,1,1,1,1,1,1,1,1,1,1,-1,-1,-1,0,1,0,-1,0,-1
87,Tuna,0,-1,-1,-1,-1,1,-1,1,-1,1,0,1,1,1,1,1,1,1,1,1,1,1,1,1,1,-1,1,0,1,1,0,0,0,1,1,1,1,-1,1,1,1,1,1,1,1,1,1,1,1,1,1,0,1,1,1,0,1,0
88,Cod,-1,-1,0,-1,-1,0,-1,0,0,0,0,0,1,0,0,0,0,0,1,1,1,-1,-1,-1,-1,-1,0,0,0,0,0,0,0,1,1,1,1,-1,1,1,1,1,1,1,1,1,1,1,1,-1,0,1,-1,-1,-1,1,-1,0
89,Haddock,-1,0,0,0,0,0,0,0,0,0,0,0,0,0,0,0,0,0,0,1,0,-1,-1,-1,-1,-1,0,0,0,0,0,0,0,1,1,1,1,-1,1,1,1,1,1,1,1,1,1,1,1,0,0,0,0,0,0,0,0,0
90,tilapia,0,0,0,-1,-1,0,1,0,0,0,0,0,1,0,0,1,0,0,0,0,0,-1,-1,-1,-1,-1,0,0,0,0,0,0,0,1,1,1,1,-1,1,1,1,1,1,1,1,1,1,1,1,0,0,0,0,0,0,0,0,0
91,halibut,-1,-1,0,-1,-1,0,-1,0,0,1,0,0,1,0,0,1,0,0,1,1,1,-1,-1,-1,-1,-1,1,0,0,0,0,0,0,1,1,1,1,-1,1,1,1,1,1,1,1,1,1,1,1,1,0,1,0,0,1,0,0,1
92,pollock,-1,0,0,-1,-1,0,-1,0,0,0,0,0,0,0,0,0,0,0,0,1,0,-1,-1,-1,-1,-1,0,0,0,0,0,0,0,1,1,1,1,-1,1,1,1,1,1,1,1,1,1,1,1,0,1,0,1,0,0,1,1,0
93,shrimp,0,0,0,1,1,0,0,0,1,0,0,1,1,0,0,0,0,0,1,0,0,1,1,1,1,1,0,1,0,1,1,0,1,1,1,1,1,-1,1,1,1,1,1,1,1,1,1,1,1,0,-1,0,-1,0,-1,1,-1,0
94,crab,0,0,0,1,1,0,0,0,1,0,0,0,0,0,0,0,0,0,1,1,0,1,1,1,1,1,0,0,0,0,1,0,1,1,1,1,1,-1,1,1,1,1,1,1,1,1,1,1,1,0,0,0,0,0,0,0,0,-1
95,oyster,1,0,0,-1,0,1,-1,0,0,1,1,0,0,1,1,0,1,1,0,1,1,-1,-1,-1,-1,-1,0,1,0,1,0,0,1,1,1,1,1,-1,1,1,1,1,1,1,1,1,1,1,1,0,0,-1,0,-1,0,-1,0,1
96,lobster,0,0,0,1,1,0,0,0,1,0,0,0,0,0,0,0,1,0,0,1,0,1,1,1,1,1,0,0,0,0,1,0,1,1,1,1,1,-1,1,1,1,1,1,1,1,1,1,1,1,0,0,0,0,0,0,0,0,0
97,mussel,0,0,0,-1,0,0,0,0,0,0,0,0,0,1,1,0,0,0,1,1,0,-1,-1,-1,-1,-1,0,0,0,0,0,0,1,1,1,1,1,-1,1,1,1,1,1,1,1,1,1,1,1,0,0,1,0,0,0,0,0,1
98,chicken,-1,-1,-1,-1,-1,1,-1,1,-1,1,-1,1,1,-1,1,1,1,1,1,1,1,-1,-1,-1,-1,-1,1,1,1,-1,-1,1,1,1,1,1,1,-1,-1,1,-1,1,-1,-1,-1,-1,-1,1,1,-1,-1,-1,-1,-1,-1,1,1,-1
99,beef,1,1,1,1,1,-1,1,-1,1,1,-1,1,1,-1,1,1,1,1,1,1,1,1,1,1,1,-1,1,-1,1,1,-1,1,1,1,1,1,-1,1,1,1,1,1,-1,1,1,-1,-1,1,1,1,1,1,1,1,1,-1,-1,1
100,lamb,-1,-1,-1,-1,-1,1,-1,1,-1,1,-1,1,0,-1,1,-1,-1,-1,-1,1,1,1,1,1,1,-1,1,-1,1,1,-1,1,1,1,1,1,-1,1,1,1,1,1,-1,1,1,-1,-1,1,1,1,1,1,1,1,1,-1,-1,1
101,pork,1,1,1,-1,-1,1,-1,1,-1,1,-1,-1,1,1,-1,1,1,1,1,1,-1,1,1,1,1,-1,1,-1,-1,1,-1,-1,1,1,1,1,-1,1,1,1,1,1,-1,1,1,-1,-1,1,1,1,1,1,1,1,1,-1,-1,1
102,bacon,1,1,1,1,1,-1,1,-1,1,-1,-1,-1,-1,-1,-1,1,-1,-1,-1,-1,-1,1,1,1,1,1,-1,-1,-1,1,1,-1,-1,1,-1,1,-1,1,1,-1,1,1,1,-1,1,1,1,-1,-1,1,1,1,1,1,1,-1,-1,1
103,sausage,1,1,1,1,1,-1,1,-1,1,-1,-1,-1,-1,-1,-1,-1,-1,-1,-1,-1,-1,1,1,1,1,1,-1,-1,-1,1,1,-1,-1,1,-1,1,-1,1,1,-1,1,-1,1,-1,1,1,1,-1,-1,1,1,1,1,1,1,-1,-1,1
104,ham,-1,-1,-1,-1,-1,1,-1,1,-1,-1,-1,-1,-1,-1,-1,-1,-1,-1,-1,-1,-1,1,1,1,1,1,-1,-1,-1,1,1,-1,-1,1,1,1,1,-1,-1,1,-1,-1,-1,-1,-1,1,-1,1,1,-1,-1,-1,-1,-1,-1,1,1,-1
105,salami,-1,-1,-1,-1,-1,-1,-1,-1,-1,-1,-1,-1,-1,-1,-1,-1,-1,-1,-1,-1,-1,1,1,1,1,1,-1,-1,-1,1,1,-1,-1,1,-1,1,-1,1,1,-1,1,-1,1,-1,1,1,1,-1,-1,1,1,1,1,1,1,-1,-1,1
106,pepperoni,-1,-1,-1,1,1,-1,1,-1,1,-1,-1,-1,-1,-1,-1,-1,-1,-1,-1,-1,-1,1,1,1,1,1,-1,-1,-1,1,1,-1,-1,1,-1,1,-1,1,1,-1,1,-1,1,-1,1,1,1,-1,-1,1,1,1,1,1,1,-1,-1,1
107,whole_milk,1,1,1,1,1,-1,1,-1,1,1,-1,-1,-1,-1,-1,-1,-1,-1,-1,1,1,1,1,1,1,-1,1,1,-1,1,-1,1,1,1,1,1,1,1,1,1,1,-1,1,1,1,-1,1,-1,1,1,1,-1,-1,1,-1,1,-1,1
108,almond_milk,-1,-1,-1,-1,-1,1,-1,1,-1,-1,-1,-1,-1,-1,-1,-1,-1,-1,-1,-1,-1,-1,-1,-1,-1,-1,1,-1,1,-1,-1,-1,-1,-1,-1,-1,-1,-1,-1,-1,-1,-1,-1,-1,-1,-1,-1,-1,-1,-1,-1,-1,-1,-1,-1,-1,-1,-1
109,soy_milk,-1,-1,-1,-1,-1,1,-1,1,-1,-1,-1,-1,-1,-1,-1,-1,-1,-1,-1,-1,-1,-1,-1,-1,-1,-1,1,-1,1,-1,-1,-1,-1,-1,-1,-1,-1,-1,-1,-1,-1,-1,-1,-1,-1,-1,-1,-1,-1,-1,-1,-1,-1,-1,-1,-1,-1,-1
110,cheddar,0,0,0,1,1,-1,1,-1,1,1,-1,1,-1,-1,1,-1,-1,-1,-1,1,1,1,1,1,1,1,-1,1,-1,1,1,1,1,1,-1,1,-1,1,1,1,1,1,1,-1,1,1,1,1,1,1,1,1,1,1,1,1,1,1
111,mozzarella,-1,-1,-1,1,1,1,1,1,1,-1,-1,1,-1,-1,1,-1,-1,-1,-1,1,-1,-1,1,-1,-1,1,-1,1,1,-1,1,-1,-1,-1,1,1,1,-1,-1,-1,-1,-1,-1,-1,-1,-1,-1,-1,-1,-1,-1,-1,-1,-1,-1,-1,-1,-1
112,greek_yogurt,1,1,1,-1,-1,1,-1,1,-1,1,-1,-1,1,-1,1,-1,1,-1,-1,1,-1,1,1,1,1,-1,1,1,1,1,-1,1,1,1,1,1,1,1,1,1,1,1,1,1,1,1,-1,1,-1,1,1,1,1,-1,1,1,1,1
113,yogurt,1,1,1,0,0,0,0,0,0,-1,-1,-1,-1,-1,-1,-1,-1,-1,-1,-1,-1,-1,-1,-1,-1,-1,1,1,-1,-1,-1,-1,-1,-1,-1,-1,-1,-1,-1,-1,-1,-1,-1,-1,-1,-1,-1,-1,-1,-1,-1,-1,-1,-1,-1,-1,-1,-1
114,butter,0,0,0,1,1,-1,1,-1,1,-1,-1,-1,-1,-1,-1,-1,-1,-1,-1,-1,1,-1,-1,-1,-1,1,-1,-1,-1,-1,1,-1,-1,-1,-1,-1,-1,-1,-1,-1,-1,-1,-1,-1,-1,-1,-1,-1,-1,1,1,1,1,1,1,1,1,1
115,ghee,0,0,0,1,1,-1,1,-1,1,-1,-1,-1,-1,-1,-1,-1,-1,-1,-1,-1,1,-1,-1,-1,-1,1,-1,-1,-1,-1,1,-1,-1,-1,-1,-1,-1,-1,-1,-1,-1,-1,-1,-1,-1,-1,-1,-1,-1,-1,-1,-1,-1,-1,-1,-1,-1,-1
116,pastry,1,1,1,0,0,-1,1,-1,0,0,0,0,0,0,0,0,0,0,0,0,0,0,1,0,1,1,0,0,0,0,0,0,0,-1,-1,-1,-1,1,1,-1,1,-1,1,-1,1,1,1,-1,-1,1,1,1,1,-1,1,-1,-1,1
117,cookie,1,1,1,0,0,-1,1,-1,0,0,0,0,0,0,0,0,0,0,0,0,0,0,1,0,1,1,0,0,0,0,0,0,0,-1,-1,-1,-1,1,1,-1,1,-1,1,-1,1,1,1,-1,-1,1,1,1,1,-1,1,-1,-1,1
118,brownie,1,1,1,0,0,-1,1,-1,0,0,0,0,0,0,0,0,0,0,0,0,0,0,1,0,1,1,0,0,0,0,0,0,0,-1,-1,-1,-1,1,1,-1,1,-1,1,-1,1,1,1,-1,-1,1,1,1,1,-1,1,-1,-1,1
119,muffin,1,1,1,0,0,-1,1,-1,0,0,0,0,0,0,0,0,0,0,0,0,0,0,1,0,1,1,0,0,0,0,0,0,0,-1,-1,-1,-1,1,1,-1,1,-1,1,-1,1,1,1,-1,-1,1,1,1,1,-1,1,-1,-1,1
120,bread,1,1,1,0,0,-1,1,-1,0,0,0,0,0,1,0,0,0,0,1,0,0,0,1,0,1,1,0,0,1,0,0,0,0,-1,-1,-1,-1,1,1,-1,1,-1,1,-1,1,1,1,-1,-1,0,0,0,0,-1,0,-1,-1,0
121,croissant,1,1,1,0,0,-1,1,-1,0,0,0,0,0,0,0,0,0,0,0,0,0,0,1,0,1,1,0,0,0,0,0,0,0,-1,-1,-1,-1,1,1,-1,1,-1,1,-1,1,1,1,-1,-1,1,1,1,1,-1,1,-1,-1,1
122,ice_cream,1,1,1,0,0,-1,1,-1,0,1,0,0,0,0,0,0,0,0,0,0,1,0,1,0,1,0,0,1,0,0,0,0,0,-1,-1,-1,-1,1,1,-1,1,-1,1,-1,1,1,1,-1,-1,1,1,1,1,-1,1,-1,-1,1
123,pie,1,1,1,0,0,-1,1,-1,0,0,0,0,0,0,0,0,0,0,0,0,0,0,1,0,1,0,0,0,0,0,0,0,0,-1,-1,-1,-1,1,1,-1,1,-1,1,-1,1,1,1,-1,-1,1,1,1,1,-1,1,-1,-1,1
124,cake,1,1,1,0,0,-1,1,-1,0,0,0,0,0,0,0,0,0,0,0,0,0,0,1,0,1,0,0,0,0,0,0,0,0,-1,-1,-1,-1,1,1,-1,1,-1,1,-1,1,1,1,-1,-1,1,1,1,1,-1,1,-1,-1,1
125,donut,1,1,1,0,0,-1,1,-1,0,0,0,0,0,0,0,0,0,0,0,0,0,0,1,0,1,0,0,0,0,0,0,0,0,-1,-1,-1,-1,1,1,-1,1,-1,1,-1,1,1,1,-1,-1,1,1,1,1,-1,1,-1,-1,1
126,cereal,1,1,1,-1,-1,-1,1,-1,-1,1,0,0,1,1,1,1,1,1,1,1,1,0,1,0,1,0,0,1,1,0,0,0,1,-1,-1,-1,-1,1,1,-1,1,-1,1,-1,1,1,1,-1,-1,1,1,1,1,-1,1,-1,-1,1
127,Pancake,1,1,1,0,0,-1,1,-1,0,0,0,0,0,0,0,0,0,0,0,0,0,0,1,0,1,0,0,0,0,0,0,0,0,-1,-1,-1,-1,1,1,-1,1,-1,1,-1,1,1,1,-1,-1,1,1,1,1,-1,1,-1,-1,1
128,waffle,1,1,1,0,0,-1,1,-1,0,0,0,0,0,0,0,0,0,0,0,0,0,0,1,0,1,0,0,0,0,0,0,0,0,-1,-1,-1,-1,1,1,-1,1,-1,1,-1,1,1,1,-1,-1,1,1,1,1,-1,1,-1,-1,1
129,oatmeal,1,1,1,-1,-1,0,0,0,-1,0,0,0,1,1,1,1,1,1,1,0,0,-1,-1,-1,-1,-1,1,0,1,-1,-1,1,1,1,1,1,0,-1,-1,1,-1,0,0,0,-1,-1,0,0,0,-1,-1,-1,-1,-1,-1,-1,-1,-1
130,egg,-1,-1,-1,-1,-1,1,-1,1,-1,1,0,1,1,1,1,1,1,1,1,1,1,-1,-1,1,-1,-1,1,1,1,-1,-1,1,1,1,1,1,1,-1,-1,1,-1,1,-1,1,-1,-1,-1,1,1,-1,-1,-1,-1,-1,-1,-1,-1,-1
131,coca_cola,0,0,0,0,0,0,0,0,0,-1,-1,-1,-1,-1,-1,-1,-1,-1,-1,-1,-1,0,0,0,1,0,-1,-1,-1,1,0,-1,-1,-1,-1,-1,-1,1,1,-1,1,-1,0,-1,1,1,1,-1,-1,1,1,1,1,-1,1,-1,-1,1
132,pepsi,0,0,0,0,0,0,0,0,0,-1,-1,-1,-1,-1,-1,-1,-1,-1,-1,-1,-1,0,0,0,1,0,-1,-1,-1,1,0,-1,-1,-1,-1,-1,-1,1,1,-1,1,-1,0,-1,1,1,1,-1,-1,1,1,1,1,-1,1,-1,-1,1
133,coffee,0,0,0,0,0,0,0,0,0,-1,-1,-1,-1,-1,-1,-1,-1,-1,-1,-1,-1,-1,-1,-1,-1,-1,1,-1,-1,-1,-1,1,-1,0,0,0,0,-1,-1,0,-1,0,-1,0,1,-1,-1,1,1,-1,-1,-1,-1,-1,-1,-1,-1,-1
134,tea,0,0,0,0,0,0,0,0,0,-1,-1,-1,-1,-1,-1,-1,-1,-1,-1,-1,-1,-1,-1,-1,-1,-1,1,0,0,-1,-1,1,-1,0,0,0,0,-1,-1,0,-1,0,-1,0,-1,-1,-1,1,1,-1,-1,-1,-1,-1,-1,-1,-1,-1
135,lemonade,0,0,0,0,0,0,0,0,0,0,1,0,0,0,0,0,0,0,0,0,0,-1,-1,-1,0,-1,1,0,0,-1,-1,1,0,0,0,0,0,0,0,0,0,0,0,0,0,0,0,0,0,-1,-1,-1,-1,-1,-1,-1,-1,-1
136,beer,0,0,0,0,0,0,0,0,0,-1,-1,-1,-1,-1,-1,-1,-1,-1,-1,-1,-1,0,1,0,1,0,-1,-1,-1,1,0,-1,-1,-1,-1,-1,-1,1,1,-1,1,-1,1,-1,1,1,1,-1,-1,1,1,1,1,1,1,1,1,1
137,mayonnaise,0,0,0,0,0,0,0,0,0,0,0,0,0,0,0,0,0,0,0,0,0,0,0,0,0,1,0,0,0,0,1,0,0,0,0,0,0,0,0,0,0,0,0,0,0,0,0,0,0,0,0,0,0,-1,0,-1,-1,0
138,guacamole,0,0,0,-1,-1,0,0,0,-1,0,1,1,0,0,0,0,0,0,1,0,1,-1,-1,-1,-1,-1,1,0,1,-1,-1,1,0,0,0,0,0,-1,-1,0,-1,0,0,0,-1,-1,0,0,0,-1,-1,-1,-1,-1,-1,-1,-1,-1
139,salsa,0,0,0,-1,-1,0,0,0,-1,0,1,1,0,0,0,0,0,0,0,0,1,-1,-1,-1,-1,-1,1,0,1,-1,-1,1,0,0,0,0,0,-1,-1,0,-1,0,0,0,-1,-1,0,0,0,-1,-1,-1,-1,-1,-1,-1,-1,-1
140,ketchup,0,0,0,0,0,0,0,0,0,0,1,0,0,0,0,0,0,0,0,0,0,0,0,0,0,1,0,0,0,0,1,0,0,0,0,0,0,0,0,0,0,0,0,0,0,0,0,0,0,0,0,0,0,-1,0,-1,-1,0
141,potato_chip,1,1,1,0,0,-1,1,-1,0,0,0,0,0,0,0,0,0,0,0,0,0,0,0,0,1,1,1,0,0,0,1,0,0,-1,-1,-1,-1,1,1,-1,1,0,0,0,0,1,0,0,0,1,1,1,1,-1,1,-1,-1,1
142,popcorn,1,1,1,0,0,-1,1,-1,0,0,0,0,0,0,0,0,0,0,0,0,0,0,0,0,0,1,0,0,1,0,1,0,0,0,0,0,0,0,0,0,0,0,0,0,0,0,0,0,0,-1,-1,-1,-1,-1,-1,-1,-1,-1
143,cracker,0,0,0,0,0,0,0,0,0,0,0,0,0,0,0,0,0,0,0,0,0,0,0,0,0,1,0,0,0,0,1,0,0,0,0,0,0,0,0,0,0,0,0,0,0,0,0,0,0,-1,-1,-1,-1,-1,-1,-1,-1,-1
144,beef_jerky,-1,-1,-1,1,1,1,-1,1,1,0,0,0,1,1,1,1,1,1,1,1,0,1,1,1,0,1,0,0,1,1,1,-1,1,1,1,1,1,0,0,1,0,1,-1,1,0,0,-1,1,1,-1,-1,-1,-1,-1,-1,-1,-1,-1
145,burger,-1,-1,-1,1,1,1,-1,1,1,0,0,0,1,1,1,1,1,1,1,1,0,1,1,1,0,1,0,0,0,1,1,-1,1,1,1,1,1,1,1,1,1,1,-1,1,0,1,-1,1,1,1,1,1,1,1,1,1,1,1
146,french_fries,1,1,1,1,1,-1,1,-1,1,0,0,0,0,0,0,0,0,0,0,0,0,0,1,0,1,1,1,0,-1,0,1,0,0,-1,-1,-1,-1,1,1,-1,1,0,0,0,0,1,0,0,0,1,1,1,1,1,1,1,1,1
147,pizza,1,1,1,1,1,-1,1,-1,1,0,0,0,0,0,0,0,0,0,0,0,0,0,1,0,1,1,0,1,0,0,1,0,0,-1,-1,-1,-1,1,1,-1,1,0,0,0,0,1,0,0,0,1,1,1,1,1,1,1,1,1
148,chicken_nugget,-1,-1,-1,1,1,1,-1,1,1,0,0,0,1,0,1,1,1,0,0,1,0,1,1,1,0,1,0,0,0,1,1,-1,0,1,1,1,1,1,1,1,1,1,-1,1,0,1,-1,1,1,1,1,1,1,1,1,1,1,1
149,taco,-1,-1,-1,1,1,1,-1,1,1,0,0,0,1,0,0,0,0,0,0,1,0,1,1,1,0,1,1,0,0,1,1,-1,1,1,1,1,1,1,1,1,1,1,-1,1,0,1,-1,1,1,1,1,1,1,1,1,1,1,1
